Date,delegacion_inicio,value
2014-04-01,ALVARO OBREGON,141
2014-04-01,AZCAPOTZALCO,70
2014-04-01,BENITO JUAREZ,129
2014-04-01,COYOACAN,171
2014-04-01,CUAJIMALPA,30
2014-04-01,CUAUHTEMOC,286
2014-04-01,GUSTAVO A. MADERO,248
2014-04-01,IZTACALCO,116
2014-04-01,IZTAPALAPA,389
2014-04-01,MAGDALENA CONTRERAS,13
2014-04-01,MIGUEL HIDALGO,148
2014-04-01,MILPA ALTA,16
2014-04-01,TLAHUAC,84
2014-04-01,TLALPAN,77
2014-04-01,VENUSTIANO CARRANZA,129
2014-04-01,XOCHIMILCO,60
2014-08-01,ALVARO OBREGON,185
2014-08-01,AZCAPOTZALCO,93
2014-08-01,BENITO JUAREZ,176
2014-08-01,COYOACAN,219
2014-08-01,CUAJIMALPA,35
2014-08-01,CUAUHTEMOC,360
2014-08-01,GUSTAVO A. MADERO,215
2014-08-01,IZTACALCO,108
2014-08-01,IZTAPALAPA,480
2014-08-01,MAGDALENA CONTRERAS,30
2014-08-01,MIGUEL HIDALGO,138
2014-08-01,MILPA ALTA,6
2014-08-01,TLAHUAC,81
2014-08-01,TLALPAN,170
2014-08-01,VENUSTIANO CARRANZA,194
2014-08-01,XOCHIMILCO,72
2014-12-01,ALVARO OBREGON,227
2014-12-01,AZCAPOTZALCO,123
2014-12-01,BENITO JUAREZ,156
2014-12-01,COYOACAN,300
2014-12-01,CUAJIMALPA,54
2014-12-01,CUAUHTEMOC,402
2014-12-01,GUSTAVO A. MADERO,331
2014-12-01,IZTACALCO,173
2014-12-01,IZTAPALAPA,475
2014-12-01,MAGDALENA CONTRERAS,62
2014-12-01,MIGUEL HIDALGO,175
2014-12-01,MILPA ALTA,6
2014-12-01,TLAHUAC,70
2014-12-01,TLALPAN,188
2014-12-01,VENUSTIANO CARRANZA,207
2014-12-01,XOCHIMILCO,116
2014-01-01,ALVARO OBREGON,153
2014-01-01,AZCAPOTZALCO,122
2014-01-01,BENITO JUAREZ,190
2014-01-01,COYOACAN,160
2014-01-01,CUAJIMALPA,35
2014-01-01,CUAUHTEMOC,284
2014-01-01,GUSTAVO A. MADERO,280
2014-01-01,IZTACALCO,87
2014-01-01,IZTAPALAPA,435
2014-01-01,MAGDALENA CONTRERAS,34
2014-01-01,MIGUEL HIDALGO,156
2014-01-01,MILPA ALTA,13
2014-01-01,TLAHUAC,32
2014-01-01,TLALPAN,133
2014-01-01,VENUSTIANO CARRANZA,156
2014-01-01,XOCHIMILCO,119
2014-02-01,ALVARO OBREGON,131
2014-02-01,AZCAPOTZALCO,95
2014-02-01,BENITO JUAREZ,117
2014-02-01,COYOACAN,197
2014-02-01,CUAJIMALPA,29
2014-02-01,CUAUHTEMOC,339
2014-02-01,GUSTAVO A. MADERO,211
2014-02-01,IZTACALCO,120
2014-02-01,IZTAPALAPA,380
2014-02-01,MAGDALENA CONTRERAS,43
2014-02-01,MIGUEL HIDALGO,133
2014-02-01,MILPA ALTA,10
2014-02-01,TLAHUAC,63
2014-02-01,TLALPAN,163
2014-02-01,VENUSTIANO CARRANZA,155
2014-02-01,XOCHIMILCO,50
2014-07-01,ALVARO OBREGON,155
2014-07-01,AZCAPOTZALCO,92
2014-07-01,BENITO JUAREZ,175
2014-07-01,COYOACAN,162
2014-07-01,CUAJIMALPA,15
2014-07-01,CUAUHTEMOC,288
2014-07-01,GUSTAVO A. MADERO,298
2014-07-01,IZTACALCO,86
2014-07-01,IZTAPALAPA,434
2014-07-01,MAGDALENA CONTRERAS,29
2014-07-01,MIGUEL HIDALGO,162
2014-07-01,MILPA ALTA,13
2014-07-01,TLAHUAC,57
2014-07-01,TLALPAN,122
2014-07-01,VENUSTIANO CARRANZA,139
2014-07-01,XOCHIMILCO,50
2014-06-01,ALVARO OBREGON,196
2014-06-01,AZCAPOTZALCO,105
2014-06-01,BENITO JUAREZ,161
2014-06-01,COYOACAN,122
2014-06-01,CUAJIMALPA,27
2014-06-01,CUAUHTEMOC,312
2014-06-01,GUSTAVO A. MADERO,288
2014-06-01,IZTACALCO,94
2014-06-01,IZTAPALAPA,380
2014-06-01,MAGDALENA CONTRERAS,48
2014-06-01,MIGUEL HIDALGO,121
2014-06-01,MILPA ALTA,5
2014-06-01,TLAHUAC,55
2014-06-01,TLALPAN,114
2014-06-01,VENUSTIANO CARRANZA,171
2014-06-01,XOCHIMILCO,67
2014-03-01,ALVARO OBREGON,145
2014-03-01,AZCAPOTZALCO,117
2014-03-01,BENITO JUAREZ,198
2014-03-01,COYOACAN,200
2014-03-01,CUAJIMALPA,32
2014-03-01,CUAUHTEMOC,342
2014-03-01,GUSTAVO A. MADERO,244
2014-03-01,IZTACALCO,139
2014-03-01,IZTAPALAPA,434
2014-03-01,MAGDALENA CONTRERAS,28
2014-03-01,MIGUEL HIDALGO,166
2014-03-01,MILPA ALTA,12
2014-03-01,TLAHUAC,82
2014-03-01,TLALPAN,166
2014-03-01,VENUSTIANO CARRANZA,179
2014-03-01,XOCHIMILCO,77
2014-05-01,ALVARO OBREGON,134
2014-05-01,AZCAPOTZALCO,111
2014-05-01,BENITO JUAREZ,214
2014-05-01,COYOACAN,134
2014-05-01,CUAJIMALPA,22
2014-05-01,CUAUHTEMOC,371
2014-05-01,GUSTAVO A. MADERO,281
2014-05-01,IZTACALCO,143
2014-05-01,IZTAPALAPA,468
2014-05-01,MAGDALENA CONTRERAS,46
2014-05-01,MIGUEL HIDALGO,152
2014-05-01,MILPA ALTA,6
2014-05-01,TLAHUAC,102
2014-05-01,TLALPAN,112
2014-05-01,VENUSTIANO CARRANZA,146
2014-05-01,XOCHIMILCO,65
2014-11-01,ALVARO OBREGON,214
2014-11-01,AZCAPOTZALCO,155
2014-11-01,BENITO JUAREZ,233
2014-11-01,COYOACAN,174
2014-11-01,CUAJIMALPA,39
2014-11-01,CUAUHTEMOC,397
2014-11-01,GUSTAVO A. MADERO,334
2014-11-01,IZTACALCO,127
2014-11-01,IZTAPALAPA,543
2014-11-01,MAGDALENA CONTRERAS,32
2014-11-01,MIGUEL HIDALGO,180
2014-11-01,MILPA ALTA,21
2014-11-01,TLAHUAC,78
2014-11-01,TLALPAN,150
2014-11-01,VENUSTIANO CARRANZA,181
2014-11-01,XOCHIMILCO,98
2014-10-01,ALVARO OBREGON,178
2014-10-01,AZCAPOTZALCO,145
2014-10-01,BENITO JUAREZ,165
2014-10-01,COYOACAN,211
2014-10-01,CUAJIMALPA,26
2014-10-01,CUAUHTEMOC,401
2014-10-01,GUSTAVO A. MADERO,374
2014-10-01,IZTACALCO,156
2014-10-01,IZTAPALAPA,498
2014-10-01,MAGDALENA CONTRERAS,37
2014-10-01,MIGUEL HIDALGO,196
2014-10-01,MILPA ALTA,19
2014-10-01,TLAHUAC,112
2014-10-01,TLALPAN,151
2014-10-01,VENUSTIANO CARRANZA,214
2014-10-01,XOCHIMILCO,72
2014-09-01,ALVARO OBREGON,215
2014-09-01,AZCAPOTZALCO,110
2014-09-01,BENITO JUAREZ,173
2014-09-01,COYOACAN,267
2014-09-01,CUAJIMALPA,17
2014-09-01,CUAUHTEMOC,319
2014-09-01,GUSTAVO A. MADERO,275
2014-09-01,IZTACALCO,125
2014-09-01,IZTAPALAPA,374
2014-09-01,MAGDALENA CONTRERAS,36
2014-09-01,MIGUEL HIDALGO,197
2014-09-01,MILPA ALTA,10
2014-09-01,TLAHUAC,62
2014-09-01,TLALPAN,106
2014-09-01,VENUSTIANO CARRANZA,219
2014-09-01,XOCHIMILCO,84
2015-04-01,ALVARO OBREGON,201
2015-04-01,AZCAPOTZALCO,98
2015-04-01,BENITO JUAREZ,194
2015-04-01,COYOACAN,193
2015-04-01,CUAJIMALPA,31
2015-04-01,CUAUHTEMOC,354
2015-04-01,GUSTAVO A. MADERO,257
2015-04-01,IZTACALCO,181
2015-04-01,IZTAPALAPA,352
2015-04-01,MAGDALENA CONTRERAS,59
2015-04-01,MIGUEL HIDALGO,163
2015-04-01,MILPA ALTA,21
2015-04-01,TLAHUAC,69
2015-04-01,TLALPAN,112
2015-04-01,VENUSTIANO CARRANZA,192
2015-04-01,XOCHIMILCO,64
2015-08-01,ALVARO OBREGON,173
2015-08-01,AZCAPOTZALCO,86
2015-08-01,BENITO JUAREZ,151
2015-08-01,COYOACAN,152
2015-08-01,CUAJIMALPA,35
2015-08-01,CUAUHTEMOC,300
2015-08-01,GUSTAVO A. MADERO,241
2015-08-01,IZTACALCO,80
2015-08-01,IZTAPALAPA,391
2015-08-01,MAGDALENA CONTRERAS,31
2015-08-01,MIGUEL HIDALGO,140
2015-08-01,MILPA ALTA,6
2015-08-01,TLAHUAC,75
2015-08-01,TLALPAN,115
2015-08-01,VENUSTIANO CARRANZA,139
2015-08-01,XOCHIMILCO,83
2015-12-01,ALVARO OBREGON,174
2015-12-01,AZCAPOTZALCO,131
2015-12-01,BENITO JUAREZ,134
2015-12-01,COYOACAN,171
2015-12-01,CUAJIMALPA,40
2015-12-01,CUAUHTEMOC,301
2015-12-01,GUSTAVO A. MADERO,286
2015-12-01,IZTACALCO,149
2015-12-01,IZTAPALAPA,443
2015-12-01,MAGDALENA CONTRERAS,17
2015-12-01,MIGUEL HIDALGO,162
2015-12-01,MILPA ALTA,22
2015-12-01,TLAHUAC,96
2015-12-01,TLALPAN,73
2015-12-01,VENUSTIANO CARRANZA,162
2015-12-01,XOCHIMILCO,109
2015-01-01,ALVARO OBREGON,140
2015-01-01,AZCAPOTZALCO,99
2015-01-01,BENITO JUAREZ,152
2015-01-01,COYOACAN,169
2015-01-01,CUAJIMALPA,40
2015-01-01,CUAUHTEMOC,311
2015-01-01,GUSTAVO A. MADERO,331
2015-01-01,IZTACALCO,113
2015-01-01,IZTAPALAPA,444
2015-01-01,MAGDALENA CONTRERAS,23
2015-01-01,MIGUEL HIDALGO,141
2015-01-01,MILPA ALTA,19
2015-01-01,TLAHUAC,52
2015-01-01,TLALPAN,102
2015-01-01,VENUSTIANO CARRANZA,140
2015-01-01,XOCHIMILCO,65
2015-02-01,ALVARO OBREGON,184
2015-02-01,AZCAPOTZALCO,124
2015-02-01,BENITO JUAREZ,161
2015-02-01,COYOACAN,196
2015-02-01,CUAJIMALPA,32
2015-02-01,CUAUHTEMOC,355
2015-02-01,GUSTAVO A. MADERO,262
2015-02-01,IZTACALCO,129
2015-02-01,IZTAPALAPA,434
2015-02-01,MAGDALENA CONTRERAS,25
2015-02-01,MIGUEL HIDALGO,153
2015-02-01,MILPA ALTA,20
2015-02-01,TLAHUAC,83
2015-02-01,TLALPAN,155
2015-02-01,VENUSTIANO CARRANZA,183
2015-02-01,XOCHIMILCO,71
2015-07-01,ALVARO OBREGON,141
2015-07-01,AZCAPOTZALCO,76
2015-07-01,BENITO JUAREZ,206
2015-07-01,COYOACAN,133
2015-07-01,CUAJIMALPA,36
2015-07-01,CUAUHTEMOC,325
2015-07-01,GUSTAVO A. MADERO,311
2015-07-01,IZTACALCO,104
2015-07-01,IZTAPALAPA,366
2015-07-01,MAGDALENA CONTRERAS,45
2015-07-01,MIGUEL HIDALGO,195
2015-07-01,MILPA ALTA,6
2015-07-01,TLAHUAC,64
2015-07-01,TLALPAN,86
2015-07-01,VENUSTIANO CARRANZA,151
2015-07-01,XOCHIMILCO,63
2015-06-01,ALVARO OBREGON,158
2015-06-01,AZCAPOTZALCO,74
2015-06-01,BENITO JUAREZ,176
2015-06-01,COYOACAN,176
2015-06-01,CUAJIMALPA,37
2015-06-01,CUAUHTEMOC,270
2015-06-01,GUSTAVO A. MADERO,253
2015-06-01,IZTACALCO,107
2015-06-01,IZTAPALAPA,417
2015-06-01,MAGDALENA CONTRERAS,35
2015-06-01,MIGUEL HIDALGO,154
2015-06-01,MILPA ALTA,10
2015-06-01,TLAHUAC,58
2015-06-01,TLALPAN,103
2015-06-01,VENUSTIANO CARRANZA,171
2015-06-01,XOCHIMILCO,104
2015-03-01,ALVARO OBREGON,195
2015-03-01,AZCAPOTZALCO,140
2015-03-01,BENITO JUAREZ,203
2015-03-01,COYOACAN,218
2015-03-01,CUAJIMALPA,37
2015-03-01,CUAUHTEMOC,355
2015-03-01,GUSTAVO A. MADERO,248
2015-03-01,IZTACALCO,146
2015-03-01,IZTAPALAPA,405
2015-03-01,MAGDALENA CONTRERAS,40
2015-03-01,MIGUEL HIDALGO,168
2015-03-01,MILPA ALTA,18
2015-03-01,TLAHUAC,106
2015-03-01,TLALPAN,139
2015-03-01,VENUSTIANO CARRANZA,216
2015-03-01,XOCHIMILCO,77
2015-05-01,ALVARO OBREGON,158
2015-05-01,AZCAPOTZALCO,97
2015-05-01,BENITO JUAREZ,197
2015-05-01,COYOACAN,186
2015-05-01,CUAJIMALPA,40
2015-05-01,CUAUHTEMOC,386
2015-05-01,GUSTAVO A. MADERO,299
2015-05-01,IZTACALCO,160
2015-05-01,IZTAPALAPA,460
2015-05-01,MAGDALENA CONTRERAS,26
2015-05-01,MIGUEL HIDALGO,158
2015-05-01,MILPA ALTA,8
2015-05-01,TLAHUAC,89
2015-05-01,TLALPAN,128
2015-05-01,VENUSTIANO CARRANZA,162
2015-05-01,XOCHIMILCO,79
2015-11-01,ALVARO OBREGON,176
2015-11-01,AZCAPOTZALCO,135
2015-11-01,BENITO JUAREZ,176
2015-11-01,COYOACAN,209
2015-11-01,CUAJIMALPA,33
2015-11-01,CUAUHTEMOC,337
2015-11-01,GUSTAVO A. MADERO,316
2015-11-01,IZTACALCO,101
2015-11-01,IZTAPALAPA,373
2015-11-01,MAGDALENA CONTRERAS,15
2015-11-01,MIGUEL HIDALGO,161
2015-11-01,MILPA ALTA,17
2015-11-01,TLAHUAC,74
2015-11-01,TLALPAN,113
2015-11-01,VENUSTIANO CARRANZA,193
2015-11-01,XOCHIMILCO,100
2015-10-01,ALVARO OBREGON,192
2015-10-01,AZCAPOTZALCO,112
2015-10-01,BENITO JUAREZ,185
2015-10-01,COYOACAN,210
2015-10-01,CUAJIMALPA,26
2015-10-01,CUAUHTEMOC,377
2015-10-01,GUSTAVO A. MADERO,338
2015-10-01,IZTACALCO,135
2015-10-01,IZTAPALAPA,470
2015-10-01,MAGDALENA CONTRERAS,37
2015-10-01,MIGUEL HIDALGO,135
2015-10-01,MILPA ALTA,7
2015-10-01,TLAHUAC,87
2015-10-01,TLALPAN,129
2015-10-01,VENUSTIANO CARRANZA,183
2015-10-01,XOCHIMILCO,87
2015-09-01,ALVARO OBREGON,184
2015-09-01,AZCAPOTZALCO,158
2015-09-01,BENITO JUAREZ,157
2015-09-01,COYOACAN,151
2015-09-01,CUAJIMALPA,44
2015-09-01,CUAUHTEMOC,312
2015-09-01,GUSTAVO A. MADERO,298
2015-09-01,IZTACALCO,133
2015-09-01,IZTAPALAPA,442
2015-09-01,MAGDALENA CONTRERAS,62
2015-09-01,MIGUEL HIDALGO,142
2015-09-01,MILPA ALTA,10
2015-09-01,TLAHUAC,60
2015-09-01,TLALPAN,87
2015-09-01,VENUSTIANO CARRANZA,178
2015-09-01,XOCHIMILCO,90
2016-04-01,ALVARO OBREGON,146
2016-04-01,AZCAPOTZALCO,89
2016-04-01,BENITO JUAREZ,149
2016-04-01,COYOACAN,211
2016-04-01,CUAJIMALPA,29
2016-04-01,CUAUHTEMOC,270
2016-04-01,GUSTAVO A. MADERO,224
2016-04-01,IZTACALCO,92
2016-04-01,IZTAPALAPA,381
2016-04-01,MAGDALENA CONTRERAS,24
2016-04-01,MIGUEL HIDALGO,149
2016-04-01,MILPA ALTA,14
2016-04-01,TLAHUAC,81
2016-04-01,TLALPAN,112
2016-04-01,VENUSTIANO CARRANZA,121
2016-04-01,XOCHIMILCO,72
2016-08-01,ALVARO OBREGON,123
2016-08-01,AZCAPOTZALCO,62
2016-08-01,BENITO JUAREZ,171
2016-08-01,COYOACAN,145
2016-08-01,CUAJIMALPA,11
2016-08-01,CUAUHTEMOC,309
2016-08-01,GUSTAVO A. MADERO,265
2016-08-01,IZTACALCO,122
2016-08-01,IZTAPALAPA,407
2016-08-01,MAGDALENA CONTRERAS,12
2016-08-01,MIGUEL HIDALGO,135
2016-08-01,MILPA ALTA,6
2016-08-01,TLAHUAC,76
2016-08-01,TLALPAN,108
2016-08-01,VENUSTIANO CARRANZA,145
2016-08-01,XOCHIMILCO,82
2016-12-01,ALVARO OBREGON,146
2016-12-01,AZCAPOTZALCO,104
2016-12-01,BENITO JUAREZ,171
2016-12-01,COYOACAN,232
2016-12-01,CUAJIMALPA,38
2016-12-01,CUAUHTEMOC,329
2016-12-01,GUSTAVO A. MADERO,275
2016-12-01,IZTACALCO,137
2016-12-01,IZTAPALAPA,480
2016-12-01,MAGDALENA CONTRERAS,31
2016-12-01,MIGUEL HIDALGO,190
2016-12-01,MILPA ALTA,5
2016-12-01,TLAHUAC,74
2016-12-01,TLALPAN,104
2016-12-01,VENUSTIANO CARRANZA,172
2016-12-01,XOCHIMILCO,82
2016-01-01,ALVARO OBREGON,95
2016-01-01,AZCAPOTZALCO,116
2016-01-01,BENITO JUAREZ,118
2016-01-01,COYOACAN,129
2016-01-01,CUAJIMALPA,19
2016-01-01,CUAUHTEMOC,283
2016-01-01,GUSTAVO A. MADERO,192
2016-01-01,IZTACALCO,88
2016-01-01,IZTAPALAPA,352
2016-01-01,MAGDALENA CONTRERAS,24
2016-01-01,MIGUEL HIDALGO,124
2016-01-01,MILPA ALTA,7
2016-01-01,TLAHUAC,62
2016-01-01,TLALPAN,93
2016-01-01,VENUSTIANO CARRANZA,135
2016-01-01,XOCHIMILCO,88
2016-02-01,ALVARO OBREGON,99
2016-02-01,AZCAPOTZALCO,75
2016-02-01,BENITO JUAREZ,141
2016-02-01,COYOACAN,161
2016-02-01,CUAJIMALPA,46
2016-02-01,CUAUHTEMOC,305
2016-02-01,GUSTAVO A. MADERO,210
2016-02-01,IZTACALCO,101
2016-02-01,IZTAPALAPA,374
2016-02-01,MAGDALENA CONTRERAS,22
2016-02-01,MIGUEL HIDALGO,98
2016-02-01,MILPA ALTA,10
2016-02-01,TLAHUAC,71
2016-02-01,TLALPAN,123
2016-02-01,VENUSTIANO CARRANZA,166
2016-02-01,XOCHIMILCO,79
2016-07-01,ALVARO OBREGON,104
2016-07-01,AZCAPOTZALCO,77
2016-07-01,BENITO JUAREZ,173
2016-07-01,COYOACAN,136
2016-07-01,CUAJIMALPA,19
2016-07-01,CUAUHTEMOC,275
2016-07-01,GUSTAVO A. MADERO,226
2016-07-01,IZTACALCO,82
2016-07-01,IZTAPALAPA,406
2016-07-01,MAGDALENA CONTRERAS,35
2016-07-01,MIGUEL HIDALGO,127
2016-07-01,MILPA ALTA,10
2016-07-01,TLAHUAC,48
2016-07-01,TLALPAN,116
2016-07-01,VENUSTIANO CARRANZA,153
2016-07-01,XOCHIMILCO,72
2016-06-01,ALVARO OBREGON,143
2016-06-01,AZCAPOTZALCO,86
2016-06-01,BENITO JUAREZ,146
2016-06-01,COYOACAN,149
2016-06-01,CUAJIMALPA,18
2016-06-01,CUAUHTEMOC,303
2016-06-01,GUSTAVO A. MADERO,239
2016-06-01,IZTACALCO,98
2016-06-01,IZTAPALAPA,361
2016-06-01,MAGDALENA CONTRERAS,18
2016-06-01,MIGUEL HIDALGO,150
2016-06-01,MILPA ALTA,13
2016-06-01,TLAHUAC,95
2016-06-01,TLALPAN,102
2016-06-01,VENUSTIANO CARRANZA,139
2016-06-01,XOCHIMILCO,64
2016-03-01,ALVARO OBREGON,104
2016-03-01,AZCAPOTZALCO,99
2016-03-01,BENITO JUAREZ,103
2016-03-01,COYOACAN,135
2016-03-01,CUAJIMALPA,20
2016-03-01,CUAUHTEMOC,297
2016-03-01,GUSTAVO A. MADERO,228
2016-03-01,IZTACALCO,85
2016-03-01,IZTAPALAPA,314
2016-03-01,MAGDALENA CONTRERAS,26
2016-03-01,MIGUEL HIDALGO,127
2016-03-01,MILPA ALTA,9
2016-03-01,TLAHUAC,73
2016-03-01,TLALPAN,78
2016-03-01,VENUSTIANO CARRANZA,148
2016-03-01,XOCHIMILCO,66
2016-05-01,ALVARO OBREGON,155
2016-05-01,AZCAPOTZALCO,62
2016-05-01,BENITO JUAREZ,115
2016-05-01,COYOACAN,139
2016-05-01,CUAJIMALPA,25
2016-05-01,CUAUHTEMOC,291
2016-05-01,GUSTAVO A. MADERO,198
2016-05-01,IZTACALCO,116
2016-05-01,IZTAPALAPA,354
2016-05-01,MAGDALENA CONTRERAS,25
2016-05-01,MIGUEL HIDALGO,138
2016-05-01,MILPA ALTA,16
2016-05-01,TLAHUAC,78
2016-05-01,TLALPAN,84
2016-05-01,VENUSTIANO CARRANZA,143
2016-05-01,XOCHIMILCO,61
2016-11-01,ALVARO OBREGON,136
2016-11-01,AZCAPOTZALCO,132
2016-11-01,BENITO JUAREZ,155
2016-11-01,COYOACAN,177
2016-11-01,CUAJIMALPA,37
2016-11-01,CUAUHTEMOC,325
2016-11-01,GUSTAVO A. MADERO,243
2016-11-01,IZTACALCO,100
2016-11-01,IZTAPALAPA,459
2016-11-01,MAGDALENA CONTRERAS,29
2016-11-01,MIGUEL HIDALGO,147
2016-11-01,MILPA ALTA,10
2016-11-01,TLAHUAC,82
2016-11-01,TLALPAN,111
2016-11-01,VENUSTIANO CARRANZA,155
2016-11-01,XOCHIMILCO,135
2016-10-01,ALVARO OBREGON,131
2016-10-01,AZCAPOTZALCO,142
2016-10-01,BENITO JUAREZ,205
2016-10-01,COYOACAN,203
2016-10-01,CUAJIMALPA,34
2016-10-01,CUAUHTEMOC,333
2016-10-01,GUSTAVO A. MADERO,318
2016-10-01,IZTACALCO,146
2016-10-01,IZTAPALAPA,456
2016-10-01,MAGDALENA CONTRERAS,19
2016-10-01,MIGUEL HIDALGO,204
2016-10-01,MILPA ALTA,14
2016-10-01,TLAHUAC,67
2016-10-01,TLALPAN,97
2016-10-01,VENUSTIANO CARRANZA,160
2016-10-01,XOCHIMILCO,78
2016-09-01,ALVARO OBREGON,134
2016-09-01,AZCAPOTZALCO,76
2016-09-01,BENITO JUAREZ,122
2016-09-01,COYOACAN,169
2016-09-01,CUAJIMALPA,24
2016-09-01,CUAUHTEMOC,306
2016-09-01,GUSTAVO A. MADERO,267
2016-09-01,IZTACALCO,94
2016-09-01,IZTAPALAPA,428
2016-09-01,MAGDALENA CONTRERAS,30
2016-09-01,MIGUEL HIDALGO,137
2016-09-01,MILPA ALTA,8
2016-09-01,TLAHUAC,47
2016-09-01,TLALPAN,133
2016-09-01,VENUSTIANO CARRANZA,140
2016-09-01,XOCHIMILCO,66
2017-04-01,ALVARO OBREGON,128
2017-04-01,AZCAPOTZALCO,60
2017-04-01,BENITO JUAREZ,169
2017-04-01,COYOACAN,149
2017-04-01,CUAJIMALPA,37
2017-04-01,CUAUHTEMOC,306
2017-04-01,GUSTAVO A. MADERO,259
2017-04-01,IZTACALCO,82
2017-04-01,IZTAPALAPA,385
2017-04-01,MAGDALENA CONTRERAS,7
2017-04-01,MIGUEL HIDALGO,107
2017-04-01,MILPA ALTA,12
2017-04-01,TLAHUAC,46
2017-04-01,TLALPAN,103
2017-04-01,VENUSTIANO CARRANZA,124
2017-04-01,XOCHIMILCO,129
2017-08-01,ALVARO OBREGON,185
2017-08-01,AZCAPOTZALCO,120
2017-08-01,BENITO JUAREZ,176
2017-08-01,COYOACAN,172
2017-08-01,CUAJIMALPA,29
2017-08-01,CUAUHTEMOC,333
2017-08-01,GUSTAVO A. MADERO,285
2017-08-01,IZTACALCO,151
2017-08-01,IZTAPALAPA,428
2017-08-01,MAGDALENA CONTRERAS,30
2017-08-01,MIGUEL HIDALGO,157
2017-08-01,MILPA ALTA,7
2017-08-01,TLAHUAC,58
2017-08-01,TLALPAN,103
2017-08-01,VENUSTIANO CARRANZA,136
2017-08-01,XOCHIMILCO,79
2017-12-01,ALVARO OBREGON,155
2017-12-01,AZCAPOTZALCO,138
2017-12-01,BENITO JUAREZ,153
2017-12-01,COYOACAN,244
2017-12-01,CUAJIMALPA,36
2017-12-01,CUAUHTEMOC,345
2017-12-01,GUSTAVO A. MADERO,300
2017-12-01,IZTACALCO,103
2017-12-01,IZTAPALAPA,516
2017-12-01,MAGDALENA CONTRERAS,45
2017-12-01,MIGUEL HIDALGO,148
2017-12-01,MILPA ALTA,15
2017-12-01,TLAHUAC,99
2017-12-01,TLALPAN,160
2017-12-01,VENUSTIANO CARRANZA,246
2017-12-01,XOCHIMILCO,168
2017-01-01,ALVARO OBREGON,164
2017-01-01,AZCAPOTZALCO,112
2017-01-01,BENITO JUAREZ,133
2017-01-01,COYOACAN,180
2017-01-01,CUAJIMALPA,28
2017-01-01,CUAUHTEMOC,281
2017-01-01,GUSTAVO A. MADERO,287
2017-01-01,IZTACALCO,111
2017-01-01,IZTAPALAPA,541
2017-01-01,MAGDALENA CONTRERAS,36
2017-01-01,MIGUEL HIDALGO,171
2017-01-01,MILPA ALTA,14
2017-01-01,TLAHUAC,81
2017-01-01,TLALPAN,143
2017-01-01,VENUSTIANO CARRANZA,147
2017-01-01,XOCHIMILCO,104
2017-02-01,ALVARO OBREGON,144
2017-02-01,AZCAPOTZALCO,165
2017-02-01,BENITO JUAREZ,160
2017-02-01,COYOACAN,277
2017-02-01,CUAJIMALPA,33
2017-02-01,CUAUHTEMOC,351
2017-02-01,GUSTAVO A. MADERO,223
2017-02-01,IZTACALCO,142
2017-02-01,IZTAPALAPA,468
2017-02-01,MAGDALENA CONTRERAS,53
2017-02-01,MIGUEL HIDALGO,171
2017-02-01,MILPA ALTA,13
2017-02-01,TLAHUAC,60
2017-02-01,TLALPAN,119
2017-02-01,VENUSTIANO CARRANZA,175
2017-02-01,XOCHIMILCO,95
2017-07-01,ALVARO OBREGON,170
2017-07-01,AZCAPOTZALCO,98
2017-07-01,BENITO JUAREZ,249
2017-07-01,COYOACAN,166
2017-07-01,CUAJIMALPA,37
2017-07-01,CUAUHTEMOC,370
2017-07-01,GUSTAVO A. MADERO,251
2017-07-01,IZTACALCO,131
2017-07-01,IZTAPALAPA,383
2017-07-01,MAGDALENA CONTRERAS,24
2017-07-01,MIGUEL HIDALGO,141
2017-07-01,MILPA ALTA,13
2017-07-01,TLAHUAC,55
2017-07-01,TLALPAN,99
2017-07-01,VENUSTIANO CARRANZA,174
2017-07-01,XOCHIMILCO,85
2017-06-01,ALVARO OBREGON,152
2017-06-01,AZCAPOTZALCO,95
2017-06-01,BENITO JUAREZ,197
2017-06-01,COYOACAN,186
2017-06-01,CUAJIMALPA,23
2017-06-01,CUAUHTEMOC,343
2017-06-01,GUSTAVO A. MADERO,276
2017-06-01,IZTACALCO,110
2017-06-01,IZTAPALAPA,476
2017-06-01,MAGDALENA CONTRERAS,41
2017-06-01,MIGUEL HIDALGO,184
2017-06-01,MILPA ALTA,7
2017-06-01,TLAHUAC,80
2017-06-01,TLALPAN,135
2017-06-01,VENUSTIANO CARRANZA,167
2017-06-01,XOCHIMILCO,130
2017-03-01,ALVARO OBREGON,161
2017-03-01,AZCAPOTZALCO,140
2017-03-01,BENITO JUAREZ,130
2017-03-01,COYOACAN,170
2017-03-01,CUAJIMALPA,33
2017-03-01,CUAUHTEMOC,412
2017-03-01,GUSTAVO A. MADERO,296
2017-03-01,IZTACALCO,99
2017-03-01,IZTAPALAPA,467
2017-03-01,MAGDALENA CONTRERAS,47
2017-03-01,MIGUEL HIDALGO,142
2017-03-01,MILPA ALTA,13
2017-03-01,TLAHUAC,95
2017-03-01,TLALPAN,153
2017-03-01,VENUSTIANO CARRANZA,211
2017-03-01,XOCHIMILCO,111
2017-05-01,ALVARO OBREGON,209
2017-05-01,AZCAPOTZALCO,141
2017-05-01,BENITO JUAREZ,174
2017-05-01,COYOACAN,219
2017-05-01,CUAJIMALPA,32
2017-05-01,CUAUHTEMOC,314
2017-05-01,GUSTAVO A. MADERO,323
2017-05-01,IZTACALCO,137
2017-05-01,IZTAPALAPA,516
2017-05-01,MAGDALENA CONTRERAS,24
2017-05-01,MIGUEL HIDALGO,206
2017-05-01,MILPA ALTA,8
2017-05-01,TLAHUAC,77
2017-05-01,TLALPAN,112
2017-05-01,VENUSTIANO CARRANZA,185
2017-05-01,XOCHIMILCO,89
2017-11-01,ALVARO OBREGON,233
2017-11-01,AZCAPOTZALCO,166
2017-11-01,BENITO JUAREZ,193
2017-11-01,COYOACAN,285
2017-11-01,CUAJIMALPA,38
2017-11-01,CUAUHTEMOC,451
2017-11-01,GUSTAVO A. MADERO,456
2017-11-01,IZTACALCO,135
2017-11-01,IZTAPALAPA,405
2017-11-01,MAGDALENA CONTRERAS,47
2017-11-01,MIGUEL HIDALGO,189
2017-11-01,MILPA ALTA,4
2017-11-01,TLAHUAC,87
2017-11-01,TLALPAN,211
2017-11-01,VENUSTIANO CARRANZA,214
2017-11-01,XOCHIMILCO,113
2017-10-01,ALVARO OBREGON,213
2017-10-01,AZCAPOTZALCO,152
2017-10-01,BENITO JUAREZ,209
2017-10-01,COYOACAN,203
2017-10-01,CUAJIMALPA,35
2017-10-01,CUAUHTEMOC,356
2017-10-01,GUSTAVO A. MADERO,250
2017-10-01,IZTACALCO,100
2017-10-01,IZTAPALAPA,661
2017-10-01,MAGDALENA CONTRERAS,34
2017-10-01,MIGUEL HIDALGO,173
2017-10-01,MILPA ALTA,6
2017-10-01,TLAHUAC,86
2017-10-01,TLALPAN,147
2017-10-01,VENUSTIANO CARRANZA,174
2017-10-01,XOCHIMILCO,93
2017-09-01,ALVARO OBREGON,119
2017-09-01,AZCAPOTZALCO,126
2017-09-01,BENITO JUAREZ,200
2017-09-01,COYOACAN,159
2017-09-01,CUAJIMALPA,29
2017-09-01,CUAUHTEMOC,359
2017-09-01,GUSTAVO A. MADERO,311
2017-09-01,IZTACALCO,138
2017-09-01,IZTAPALAPA,440
2017-09-01,MAGDALENA CONTRERAS,33
2017-09-01,MIGUEL HIDALGO,120
2017-09-01,MILPA ALTA,11
2017-09-01,TLAHUAC,77
2017-09-01,TLALPAN,130
2017-09-01,VENUSTIANO CARRANZA,156
2017-09-01,XOCHIMILCO,109
2018-04-01,ALVARO OBREGON,153
2018-04-01,AZCAPOTZALCO,141
2018-04-01,BENITO JUAREZ,202
2018-04-01,COYOACAN,209
2018-04-01,CUAJIMALPA,38
2018-04-01,CUAUHTEMOC,309
2018-04-01,GUSTAVO A. MADERO,247
2018-04-01,IZTACALCO,112
2018-04-01,IZTAPALAPA,508
2018-04-01,MAGDALENA CONTRERAS,40
2018-04-01,MIGUEL HIDALGO,180
2018-04-01,MILPA ALTA,11
2018-04-01,TLAHUAC,100
2018-04-01,TLALPAN,120
2018-04-01,VENUSTIANO CARRANZA,132
2018-04-01,XOCHIMILCO,83
2018-08-01,ALVARO OBREGON,211
2018-08-01,AZCAPOTZALCO,96
2018-08-01,BENITO JUAREZ,203
2018-08-01,COYOACAN,192
2018-08-01,CUAJIMALPA,18
2018-08-01,CUAUHTEMOC,361
2018-08-01,GUSTAVO A. MADERO,335
2018-08-01,IZTACALCO,138
2018-08-01,IZTAPALAPA,609
2018-08-01,MAGDALENA CONTRERAS,27
2018-08-01,MIGUEL HIDALGO,168
2018-08-01,MILPA ALTA,19
2018-08-01,TLAHUAC,76
2018-08-01,TLALPAN,152
2018-08-01,VENUSTIANO CARRANZA,185
2018-08-01,XOCHIMILCO,89
2018-12-01,ALVARO OBREGON,140
2018-12-01,AZCAPOTZALCO,105
2018-12-01,BENITO JUAREZ,193
2018-12-01,COYOACAN,180
2018-12-01,CUAJIMALPA,34
2018-12-01,CUAUHTEMOC,511
2018-12-01,GUSTAVO A. MADERO,329
2018-12-01,IZTACALCO,105
2018-12-01,IZTAPALAPA,493
2018-12-01,MAGDALENA CONTRERAS,45
2018-12-01,MIGUEL HIDALGO,149
2018-12-01,MILPA ALTA,17
2018-12-01,TLAHUAC,66
2018-12-01,TLALPAN,205
2018-12-01,VENUSTIANO CARRANZA,198
2018-12-01,XOCHIMILCO,152
2018-01-01,ALVARO OBREGON,127
2018-01-01,AZCAPOTZALCO,90
2018-01-01,BENITO JUAREZ,178
2018-01-01,COYOACAN,177
2018-01-01,CUAJIMALPA,50
2018-01-01,CUAUHTEMOC,305
2018-01-01,GUSTAVO A. MADERO,300
2018-01-01,IZTACALCO,98
2018-01-01,IZTAPALAPA,443
2018-01-01,MAGDALENA CONTRERAS,54
2018-01-01,MIGUEL HIDALGO,142
2018-01-01,MILPA ALTA,26
2018-01-01,TLAHUAC,47
2018-01-01,TLALPAN,129
2018-01-01,VENUSTIANO CARRANZA,180
2018-01-01,XOCHIMILCO,101
2018-02-01,ALVARO OBREGON,131
2018-02-01,AZCAPOTZALCO,86
2018-02-01,BENITO JUAREZ,173
2018-02-01,COYOACAN,195
2018-02-01,CUAJIMALPA,44
2018-02-01,CUAUHTEMOC,346
2018-02-01,GUSTAVO A. MADERO,281
2018-02-01,IZTACALCO,127
2018-02-01,IZTAPALAPA,490
2018-02-01,MAGDALENA CONTRERAS,48
2018-02-01,MIGUEL HIDALGO,145
2018-02-01,MILPA ALTA,10
2018-02-01,TLAHUAC,67
2018-02-01,TLALPAN,111
2018-02-01,VENUSTIANO CARRANZA,172
2018-02-01,XOCHIMILCO,123
2018-07-01,ALVARO OBREGON,133
2018-07-01,AZCAPOTZALCO,114
2018-07-01,BENITO JUAREZ,185
2018-07-01,COYOACAN,150
2018-07-01,CUAJIMALPA,27
2018-07-01,CUAUHTEMOC,365
2018-07-01,GUSTAVO A. MADERO,291
2018-07-01,IZTACALCO,114
2018-07-01,IZTAPALAPA,379
2018-07-01,MAGDALENA CONTRERAS,9
2018-07-01,MIGUEL HIDALGO,162
2018-07-01,MILPA ALTA,20
2018-07-01,TLAHUAC,73
2018-07-01,TLALPAN,86
2018-07-01,VENUSTIANO CARRANZA,140
2018-07-01,XOCHIMILCO,149
2018-06-01,ALVARO OBREGON,241
2018-06-01,AZCAPOTZALCO,116
2018-06-01,BENITO JUAREZ,161
2018-06-01,COYOACAN,285
2018-06-01,CUAJIMALPA,72
2018-06-01,CUAUHTEMOC,354
2018-06-01,GUSTAVO A. MADERO,341
2018-06-01,IZTACALCO,129
2018-06-01,IZTAPALAPA,453
2018-06-01,MAGDALENA CONTRERAS,22
2018-06-01,MIGUEL HIDALGO,152
2018-06-01,MILPA ALTA,10
2018-06-01,TLAHUAC,59
2018-06-01,TLALPAN,137
2018-06-01,VENUSTIANO CARRANZA,158
2018-06-01,XOCHIMILCO,146
2018-03-01,ALVARO OBREGON,177
2018-03-01,AZCAPOTZALCO,152
2018-03-01,BENITO JUAREZ,170
2018-03-01,COYOACAN,187
2018-03-01,CUAJIMALPA,22
2018-03-01,CUAUHTEMOC,417
2018-03-01,GUSTAVO A. MADERO,254
2018-03-01,IZTACALCO,99
2018-03-01,IZTAPALAPA,469
2018-03-01,MAGDALENA CONTRERAS,48
2018-03-01,MIGUEL HIDALGO,177
2018-03-01,MILPA ALTA,11
2018-03-01,TLAHUAC,80
2018-03-01,TLALPAN,163
2018-03-01,VENUSTIANO CARRANZA,159
2018-03-01,XOCHIMILCO,149
2018-05-01,ALVARO OBREGON,209
2018-05-01,AZCAPOTZALCO,105
2018-05-01,BENITO JUAREZ,198
2018-05-01,COYOACAN,173
2018-05-01,CUAJIMALPA,47
2018-05-01,CUAUHTEMOC,400
2018-05-01,GUSTAVO A. MADERO,429
2018-05-01,IZTACALCO,190
2018-05-01,IZTAPALAPA,544
2018-05-01,MAGDALENA CONTRERAS,27
2018-05-01,MIGUEL HIDALGO,217
2018-05-01,MILPA ALTA,1
2018-05-01,TLAHUAC,53
2018-05-01,TLALPAN,103
2018-05-01,VENUSTIANO CARRANZA,134
2018-05-01,XOCHIMILCO,191
2018-11-01,ALVARO OBREGON,173
2018-11-01,AZCAPOTZALCO,125
2018-11-01,BENITO JUAREZ,208
2018-11-01,COYOACAN,205
2018-11-01,CUAJIMALPA,62
2018-11-01,CUAUHTEMOC,384
2018-11-01,GUSTAVO A. MADERO,253
2018-11-01,IZTACALCO,120
2018-11-01,IZTAPALAPA,486
2018-11-01,MAGDALENA CONTRERAS,53
2018-11-01,MIGUEL HIDALGO,194
2018-11-01,MILPA ALTA,13
2018-11-01,TLAHUAC,60
2018-11-01,TLALPAN,131
2018-11-01,VENUSTIANO CARRANZA,146
2018-11-01,XOCHIMILCO,131
2018-10-01,ALVARO OBREGON,188
2018-10-01,AZCAPOTZALCO,121
2018-10-01,BENITO JUAREZ,180
2018-10-01,COYOACAN,186
2018-10-01,CUAJIMALPA,33
2018-10-01,CUAUHTEMOC,403
2018-10-01,GUSTAVO A. MADERO,408
2018-10-01,IZTACALCO,132
2018-10-01,IZTAPALAPA,536
2018-10-01,MAGDALENA CONTRERAS,26
2018-10-01,MIGUEL HIDALGO,188
2018-10-01,MILPA ALTA,29
2018-10-01,TLAHUAC,69
2018-10-01,TLALPAN,170
2018-10-01,VENUSTIANO CARRANZA,156
2018-10-01,XOCHIMILCO,116
2018-09-01,ALVARO OBREGON,178
2018-09-01,AZCAPOTZALCO,156
2018-09-01,BENITO JUAREZ,219
2018-09-01,COYOACAN,214
2018-09-01,CUAJIMALPA,43
2018-09-01,CUAUHTEMOC,389
2018-09-01,GUSTAVO A. MADERO,347
2018-09-01,IZTACALCO,121
2018-09-01,IZTAPALAPA,370
2018-09-01,MAGDALENA CONTRERAS,44
2018-09-01,MIGUEL HIDALGO,222
2018-09-01,MILPA ALTA,9
2018-09-01,TLAHUAC,86
2018-09-01,TLALPAN,68
2018-09-01,VENUSTIANO CARRANZA,143
2018-09-01,XOCHIMILCO,98
2019-04-01,ALVARO OBREGON,147
2019-04-01,AZCAPOTZALCO,95
2019-04-01,BENITO JUAREZ,106
2019-04-01,COYOACAN,169
2019-04-01,CUAJIMALPA,33
2019-04-01,CUAUHTEMOC,290
2019-04-01,GUSTAVO A. MADERO,256
2019-04-01,IZTACALCO,120
2019-04-01,IZTAPALAPA,318
2019-04-01,MAGDALENA CONTRERAS,23
2019-04-01,MIGUEL HIDALGO,99
2019-04-01,MILPA ALTA,11
2019-04-01,TLAHUAC,73
2019-04-01,TLALPAN,111
2019-04-01,VENUSTIANO CARRANZA,159
2019-04-01,XOCHIMILCO,62
2019-08-01,ALVARO OBREGON,209
2019-08-01,AZCAPOTZALCO,91
2019-08-01,BENITO JUAREZ,162
2019-08-01,COYOACAN,230
2019-08-01,CUAJIMALPA,36
2019-08-01,CUAUHTEMOC,291
2019-08-01,GUSTAVO A. MADERO,211
2019-08-01,IZTACALCO,167
2019-08-01,IZTAPALAPA,382
2019-08-01,MAGDALENA CONTRERAS,22
2019-08-01,MIGUEL HIDALGO,170
2019-08-01,MILPA ALTA,17
2019-08-01,TLAHUAC,70
2019-08-01,TLALPAN,170
2019-08-01,VENUSTIANO CARRANZA,164
2019-08-01,XOCHIMILCO,111
2019-12-01,ALVARO OBREGON,115
2019-12-01,AZCAPOTZALCO,136
2019-12-01,BENITO JUAREZ,162
2019-12-01,COYOACAN,199
2019-12-01,CUAJIMALPA,39
2019-12-01,CUAUHTEMOC,398
2019-12-01,GUSTAVO A. MADERO,332
2019-12-01,IZTACALCO,167
2019-12-01,IZTAPALAPA,460
2019-12-01,MAGDALENA CONTRERAS,39
2019-12-01,MIGUEL HIDALGO,166
2019-12-01,MILPA ALTA,25
2019-12-01,TLAHUAC,60
2019-12-01,TLALPAN,146
2019-12-01,VENUSTIANO CARRANZA,230
2019-12-01,XOCHIMILCO,79
2019-01-01,ALVARO OBREGON,218
2019-01-01,AZCAPOTZALCO,88
2019-01-01,BENITO JUAREZ,146
2019-01-01,COYOACAN,203
2019-01-01,CUAJIMALPA,54
2019-01-01,CUAUHTEMOC,327
2019-01-01,GUSTAVO A. MADERO,209
2019-01-01,IZTACALCO,126
2019-01-01,IZTAPALAPA,445
2019-01-01,MAGDALENA CONTRERAS,33
2019-01-01,MIGUEL HIDALGO,155
2019-01-01,MILPA ALTA,17
2019-01-01,TLAHUAC,90
2019-01-01,TLALPAN,123
2019-01-01,VENUSTIANO CARRANZA,128
2019-01-01,XOCHIMILCO,106
2019-02-01,ALVARO OBREGON,120
2019-02-01,AZCAPOTZALCO,76
2019-02-01,BENITO JUAREZ,197
2019-02-01,COYOACAN,161
2019-02-01,CUAJIMALPA,34
2019-02-01,CUAUHTEMOC,303
2019-02-01,GUSTAVO A. MADERO,325
2019-02-01,IZTACALCO,124
2019-02-01,IZTAPALAPA,435
2019-02-01,MAGDALENA CONTRERAS,38
2019-02-01,MIGUEL HIDALGO,160
2019-02-01,MILPA ALTA,10
2019-02-01,TLAHUAC,55
2019-02-01,TLALPAN,107
2019-02-01,VENUSTIANO CARRANZA,143
2019-02-01,XOCHIMILCO,111
2019-07-01,ALVARO OBREGON,126
2019-07-01,AZCAPOTZALCO,65
2019-07-01,BENITO JUAREZ,175
2019-07-01,COYOACAN,166
2019-07-01,CUAJIMALPA,18
2019-07-01,CUAUHTEMOC,295
2019-07-01,GUSTAVO A. MADERO,168
2019-07-01,IZTACALCO,89
2019-07-01,IZTAPALAPA,348
2019-07-01,MAGDALENA CONTRERAS,22
2019-07-01,MIGUEL HIDALGO,162
2019-07-01,MILPA ALTA,2
2019-07-01,TLAHUAC,59
2019-07-01,TLALPAN,132
2019-07-01,VENUSTIANO CARRANZA,148
2019-07-01,XOCHIMILCO,95
2019-06-01,ALVARO OBREGON,166
2019-06-01,AZCAPOTZALCO,72
2019-06-01,BENITO JUAREZ,125
2019-06-01,COYOACAN,190
2019-06-01,CUAJIMALPA,9
2019-06-01,CUAUHTEMOC,344
2019-06-01,GUSTAVO A. MADERO,253
2019-06-01,IZTACALCO,122
2019-06-01,IZTAPALAPA,409
2019-06-01,MAGDALENA CONTRERAS,44
2019-06-01,MIGUEL HIDALGO,135
2019-06-01,MILPA ALTA,20
2019-06-01,TLAHUAC,68
2019-06-01,TLALPAN,131
2019-06-01,VENUSTIANO CARRANZA,185
2019-06-01,XOCHIMILCO,64
2019-03-01,ALVARO OBREGON,190
2019-03-01,AZCAPOTZALCO,99
2019-03-01,BENITO JUAREZ,199
2019-03-01,COYOACAN,189
2019-03-01,CUAJIMALPA,28
2019-03-01,CUAUHTEMOC,365
2019-03-01,GUSTAVO A. MADERO,259
2019-03-01,IZTACALCO,115
2019-03-01,IZTAPALAPA,454
2019-03-01,MAGDALENA CONTRERAS,39
2019-03-01,MIGUEL HIDALGO,151
2019-03-01,MILPA ALTA,22
2019-03-01,TLAHUAC,58
2019-03-01,TLALPAN,163
2019-03-01,VENUSTIANO CARRANZA,165
2019-03-01,XOCHIMILCO,128
2019-05-01,ALVARO OBREGON,120
2019-05-01,AZCAPOTZALCO,115
2019-05-01,BENITO JUAREZ,139
2019-05-01,COYOACAN,150
2019-05-01,CUAJIMALPA,30
2019-05-01,CUAUHTEMOC,350
2019-05-01,GUSTAVO A. MADERO,254
2019-05-01,IZTACALCO,118
2019-05-01,IZTAPALAPA,374
2019-05-01,MAGDALENA CONTRERAS,30
2019-05-01,MIGUEL HIDALGO,141
2019-05-01,MILPA ALTA,13
2019-05-01,TLAHUAC,57
2019-05-01,TLALPAN,156
2019-05-01,VENUSTIANO CARRANZA,135
2019-05-01,XOCHIMILCO,85
2019-11-01,ALVARO OBREGON,196
2019-11-01,AZCAPOTZALCO,168
2019-11-01,BENITO JUAREZ,180
2019-11-01,COYOACAN,216
2019-11-01,CUAJIMALPA,31
2019-11-01,CUAUHTEMOC,478
2019-11-01,GUSTAVO A. MADERO,321
2019-11-01,IZTACALCO,108
2019-11-01,IZTAPALAPA,523
2019-11-01,MAGDALENA CONTRERAS,62
2019-11-01,MIGUEL HIDALGO,254
2019-11-01,MILPA ALTA,17
2019-11-01,TLAHUAC,64
2019-11-01,TLALPAN,209
2019-11-01,VENUSTIANO CARRANZA,236
2019-11-01,XOCHIMILCO,124
2019-10-01,ALVARO OBREGON,163
2019-10-01,AZCAPOTZALCO,149
2019-10-01,BENITO JUAREZ,149
2019-10-01,COYOACAN,172
2019-10-01,CUAJIMALPA,55
2019-10-01,CUAUHTEMOC,487
2019-10-01,GUSTAVO A. MADERO,329
2019-10-01,IZTACALCO,129
2019-10-01,IZTAPALAPA,501
2019-10-01,MAGDALENA CONTRERAS,52
2019-10-01,MIGUEL HIDALGO,237
2019-10-01,MILPA ALTA,10
2019-10-01,TLAHUAC,74
2019-10-01,TLALPAN,197
2019-10-01,VENUSTIANO CARRANZA,221
2019-10-01,XOCHIMILCO,93
2019-09-01,ALVARO OBREGON,144
2019-09-01,AZCAPOTZALCO,115
2019-09-01,BENITO JUAREZ,152
2019-09-01,COYOACAN,210
2019-09-01,CUAJIMALPA,38
2019-09-01,CUAUHTEMOC,433
2019-09-01,GUSTAVO A. MADERO,229
2019-09-01,IZTACALCO,140
2019-09-01,IZTAPALAPA,431
2019-09-01,MAGDALENA CONTRERAS,36
2019-09-01,MIGUEL HIDALGO,210
2019-09-01,MILPA ALTA,12
2019-09-01,TLAHUAC,63
2019-09-01,TLALPAN,164
2019-09-01,VENUSTIANO CARRANZA,218
2019-09-01,XOCHIMILCO,139
2020-04-01,ALVARO OBREGON,56
2020-04-01,AZCAPOTZALCO,32
2020-04-01,BENITO JUAREZ,62
2020-04-01,COYOACAN,33
2020-04-01,CUAJIMALPA,12
2020-04-01,CUAUHTEMOC,119
2020-04-01,GUSTAVO A. MADERO,132
2020-04-01,IZTACALCO,38
2020-04-01,IZTAPALAPA,224
2020-04-01,MAGDALENA CONTRERAS,18
2020-04-01,MIGUEL HIDALGO,38
2020-04-01,MILPA ALTA,9
2020-04-01,TLAHUAC,41
2020-04-01,TLALPAN,40
2020-04-01,VENUSTIANO CARRANZA,82
2020-04-01,XOCHIMILCO,36
2020-01-01,ALVARO OBREGON,189
2020-01-01,AZCAPOTZALCO,121
2020-01-01,BENITO JUAREZ,97
2020-01-01,COYOACAN,138
2020-01-01,CUAJIMALPA,21
2020-01-01,CUAUHTEMOC,376
2020-01-01,GUSTAVO A. MADERO,262
2020-01-01,IZTACALCO,124
2020-01-01,IZTAPALAPA,465
2020-01-01,MAGDALENA CONTRERAS,23
2020-01-01,MIGUEL HIDALGO,180
2020-01-01,MILPA ALTA,12
2020-01-01,TLAHUAC,61
2020-01-01,TLALPAN,129
2020-01-01,VENUSTIANO CARRANZA,183
2020-01-01,XOCHIMILCO,108
2020-02-01,ALVARO OBREGON,131
2020-02-01,AZCAPOTZALCO,129
2020-02-01,BENITO JUAREZ,167
2020-02-01,COYOACAN,160
2020-02-01,CUAJIMALPA,37
2020-02-01,CUAUHTEMOC,351
2020-02-01,GUSTAVO A. MADERO,276
2020-02-01,IZTACALCO,146
2020-02-01,IZTAPALAPA,450
2020-02-01,MAGDALENA CONTRERAS,46
2020-02-01,MIGUEL HIDALGO,186
2020-02-01,MILPA ALTA,19
2020-02-01,TLAHUAC,69
2020-02-01,TLALPAN,125
2020-02-01,VENUSTIANO CARRANZA,186
2020-02-01,XOCHIMILCO,102
2020-03-01,ALVARO OBREGON,128
2020-03-01,AZCAPOTZALCO,121
2020-03-01,BENITO JUAREZ,122
2020-03-01,COYOACAN,151
2020-03-01,CUAJIMALPA,14
2020-03-01,CUAUHTEMOC,338
2020-03-01,GUSTAVO A. MADERO,243
2020-03-01,IZTACALCO,100
2020-03-01,IZTAPALAPA,426
2020-03-01,MAGDALENA CONTRERAS,29
2020-03-01,MIGUEL HIDALGO,126
2020-03-01,MILPA ALTA,6
2020-03-01,TLAHUAC,74
2020-03-01,TLALPAN,128
2020-03-01,VENUSTIANO CARRANZA,200
2020-03-01,XOCHIMILCO,106
